"","household_key","AGE_DESC","MARITAL_STATUS_CODE","INCOME_DESC","HOMEOWNER_DESC","HH_COMP_DESC","HOUSEHOLD_SIZE_DESC","KID_CATEGORY_DESC","DAY","STORE_ID","RETAIL_DISC","TRANS_TIME","WEEK_NO","COUPON_DISC","COUPON_MATCH_DISC","TotalValue","TRANS_TIME_Cat"
"1",1,6,1,4,1,3,2,0,706,436,0,1531,102,0,0,4330.15999999996,"evening"
"2",7,4,1,5,1,3,2,0,709,359,0,1849,102,0,0,3400.04999999998,"evening"
"3",8,2,3,3,5,2,3,1,706,321,0,1352,102,0,0,5534.96999999994,"evening"
"4",13,2,3,6,1,2,4,2,709,323,-0.01,1233,102,0,0,13190.92,"evening"
"5",16,4,2,5,1,4,1,0,690,309,0,1519,99,0,0,1512.02,"evening"
"6",17,6,2,1,1,3,2,0,689,34280,-0.01,1131,99,0,0,5139.62999999997,"morning"
"7",18,4,1,7,1,3,2,0,711,34011,0,1201,102,0,0,7118.90999999994,"afternoon"
"8",19,3,2,2,5,4,1,0,711,31401,-2.41,1153,102,0,0,11299.6099999999,"morning"
"9",20,2,1,6,4,3,2,0,711,316,-0.6,1549,102,0,0,7486.10999999996,"evening"
"10",22,4,1,6,1,3,2,0,711,370,-0.98,1508,102,0,0,6256.03999999996,"evening"
"11",25,3,3,5,5,6,1,0,705,356,-0.81,1904,101,0,0,3149.64999999999,"evening"
"12",27,4,3,3,3,4,1,0,711,359,-0.25,2059,102,0,0,5736.23999999994,"evening"
"13",31,3,2,4,1,3,2,0,710,369,0,1259,102,0,0,4396.89999999999,"evening"
"14",39,3,1,8,1,3,2,0,685,333,0,1616,99,0,0,5033.65999999995,"evening"
"15",40,4,3,1,1,3,2,0,710,406,-1.11,1232,102,0,0,12907.8899999999,"evening"
"16",42,6,3,5,5,5,1,0,710,380,-2,1322,102,0,0,1985.86,"evening"
"17",43,3,2,2,1,2,5,3,710,345,0,1948,102,0,0,884.840000000002,"evening"
"18",46,4,1,9,1,2,5,3,711,333,0,1614,102,0,0,8433.42999999989,"evening"
"19",48,1,3,4,1,3,2,0,709,370,0,1832,102,0,0,1172.83,"evening"
"20",49,3,1,4,1,3,2,0,702,356,-3.6,1947,101,0,0,6445.02999999995,"evening"
"21",52,4,2,5,1,3,2,0,711,406,-0.8,926,102,0,0,5487.27999999994,"morning"
"22",55,6,1,4,1,3,2,0,703,362,-1,902,101,0,0,1072.79,"morning"
"23",56,5,1,7,1,2,4,2,709,439,0,1414,102,0,0,6691.52999999993,"evening"
"24",57,4,2,4,1,3,2,0,709,298,-0.39,1715,102,0,0,3105.86999999999,"evening"
"25",58,2,1,9,1,2,4,2,711,402,-0.99,1358,102,0,0,10367.0799999999,"evening"
"26",67,4,1,1,1,2,5,3,709,415,0,2024,102,0,0,9618.89999999991,"evening"
"27",71,3,1,3,1,4,2,0,711,311,-2,1124,102,0,0,3376.02999999999,"morning"
"28",74,6,1,2,1,3,2,0,656,299,-2.99,1239,94,0,0,2047.64,"evening"
"29",77,3,1,7,1,2,5,3,710,346,0,1731,102,0,0,6227.09999999995,"evening"
"30",78,5,3,3,5,5,1,0,709,365,0,1148,102,0,0,2505.13999999999,"morning"
"31",80,4,3,5,1,3,2,0,694,412,0,1725,100,0,0,3002.08999999999,"evening"
"32",85,2,3,4,5,5,1,0,710,402,0,1941,102,0,0,4696.48999999996,"evening"
"33",86,6,2,4,1,5,1,0,673,338,0,2057,97,0,0,4019.43999999998,"evening"
"34",97,4,3,6,5,4,1,0,706,33923,0,1714,102,0,0,5323.94999999998,"evening"
"35",98,3,3,4,5,1,2,1,710,421,-2.41,2112,102,0,0,2547.3,"evening"
"36",101,4,1,1,1,2,4,2,708,343,-0.83,1711,102,0,0,6651.57999999999,"evening"
"37",104,3,1,4,1,2,5,3,711,421,-0.08,1304,102,0,0,6546.73999999997,"evening"
"38",105,2,2,1,1,1,3,2,710,321,0,1026,102,0,0,4591.66999999997,"morning"
"39",109,2,1,2,1,4,2,0,708,374,-0.79,1836,102,0,0,3501.06999999997,"evening"
"40",110,2,3,4,1,4,1,0,711,396,0,2027,102,0,0,3461.31999999999,"evening"
"41",113,3,1,8,1,2,4,2,709,34011,0,1305,102,0,0,15324.9499999999,"evening"
"42",114,2,3,4,1,3,2,0,708,31401,-0.49,1700,102,0,0,3315.62999999998,"evening"
"43",117,6,2,4,2,3,2,0,711,363,-0.52,1513,102,0,0,2568.21,"evening"
"44",118,4,2,4,1,4,1,0,707,422,0,1537,102,0,0,4526.20999999996,"evening"
"45",119,4,3,8,5,5,1,0,709,334,0,650,102,0,0,2593.01,"morning"
"46",121,4,3,3,5,2,3,1,669,381,0,2326,96,0,0,2225.58000000001,"evening"
"47",123,4,2,4,1,3,2,0,691,289,0,2153,99,0,0,3222.64999999999,"evening"
"48",127,4,3,3,5,4,1,0,711,31401,-1.22,930,102,0,0,4658.22999999997,"morning"
"49",131,4,3,5,5,3,2,0,709,333,0,1833,102,0,0,6156.21999999996,"evening"
"50",133,4,1,1,1,5,2,0,706,391,-1.52,1520,102,0,0,3823.88999999997,"evening"
"51",134,5,1,3,1,4,2,0,709,427,0,1711,102,0,0,5535.08999999995,"evening"
"52",136,4,3,5,5,6,1,0,694,300,-1.99,1811,100,0,0,2804.82,"evening"
"53",139,3,2,6,1,5,1,0,710,335,0,1859,102,0,0,3073.32999999999,"evening"
"54",149,4,3,4,1,3,2,0,651,327,-0.19,1326,94,0,0,11920.9299999999,"evening"
"55",155,3,2,5,1,2,3,1,705,402,-0.2,1618,101,0,0,2101.05,"evening"
"56",157,1,3,2,1,3,2,0,709,3383,0,1820,102,0,0,2748.94999999999,"evening"
"57",158,4,3,5,1,6,1,0,704,343,-1.49,1011,101,0,0,1869.79,"morning"
"58",159,4,3,1,1,3,2,0,697,313,0,1345,100,0,0,2143.87,"evening"
"59",161,1,1,6,5,2,3,1,710,319,0,1947,102,0,0,6071.51999999996,"evening"
"60",164,4,3,4,5,3,2,0,708,404,0,2354,102,0,0,4272.40999999997,"evening"
"61",165,5,1,4,1,3,2,0,710,321,-2.41,1155,102,0,0,2995.47,"morning"
"62",166,2,1,5,1,2,3,1,706,447,-1.2,1530,102,0,0,3059.69,"evening"
"63",170,2,1,7,1,2,4,2,693,391,0,1305,100,0,0,2024.51,"evening"
"64",178,2,1,3,1,1,5,3,711,304,0,650,102,0,0,2028.47,"morning"
"65",184,4,3,3,5,5,1,0,711,410,-0.6,824,102,0,0,7090.06999999995,"morning"
"66",192,4,1,4,1,5,2,0,710,321,0,1540,102,0,0,3778.07999999998,"evening"
"67",193,4,1,6,1,3,2,0,694,310,-0.6,1313,100,0,0,4814.65999999998,"evening"
"68",198,3,1,1,1,2,3,1,709,420,-0.69,1705,102,0,0,8659.16999999991,"evening"
"69",201,4,1,2,1,2,5,3,704,427,0,1650,101,0,0,1435.17,"evening"
"70",208,4,3,5,1,3,2,0,701,327,-0.2,1904,101,0,0,4296.32999999998,"evening"
"71",209,4,3,3,1,2,3,1,710,422,-0.22,947,102,0,0,6876.55999999996,"morning"
"72",211,6,1,4,1,4,2,0,710,321,-0.38,645,102,0,0,2244.06,"morning"
"73",212,3,3,1,5,4,1,0,697,288,0,1937,100,0,0,3052.65999999998,"evening"
"74",214,5,2,1,1,3,2,0,704,401,-2.4,1230,101,0,0,2657.90999999999,"evening"
"75",216,3,3,5,1,6,1,0,711,427,0,2054,102,0,0,2624.5,"evening"
"76",218,4,1,2,1,3,2,0,711,321,-0.92,1059,102,0,0,9211.71999999992,"morning"
"77",219,5,1,9,1,3,2,0,709,355,0,1345,102,0,0,11884.7899999999,"evening"
"78",220,4,1,4,1,3,2,0,679,382,-0.96,1822,98,0,0,2525.24,"evening"
"79",221,6,3,2,5,6,1,0,695,422,-2.39,1940,100,0,0,2879.29,"evening"
"80",222,3,1,4,5,3,2,0,709,304,0,1638,102,0,0,5897.89999999992,"evening"
"81",230,2,3,3,5,4,1,0,711,422,-0.19,1300,102,0,0,4521.00999999997,"evening"
"82",232,3,3,4,5,3,2,0,672,34280,-2,1708,97,0,0,12695.5699999999,"evening"
"83",235,3,1,12,1,2,5,3,708,315,0,1818,102,0,0,12156.6399999999,"evening"
"84",239,4,3,5,4,6,1,0,711,388,-1.25,1035,102,0,0,4671.19999999995,"morning"
"85",242,4,1,6,1,2,5,3,711,401,-0.09,1531,102,0,0,5231.79999999997,"evening"
"86",243,6,3,5,1,3,2,0,710,323,0,1746,102,0,0,8074.1199999999,"evening"
"87",248,3,1,8,1,2,4,2,704,34011,-0.56,1634,101,0,0,6039.00999999996,"evening"
"88",249,3,1,1,4,6,3,1,704,289,-0.52,1327,101,-0.75,-0.25,2823.22999999999,"evening"
"89",250,4,1,6,1,1,4,2,706,369,-1.7,1146,102,0,0,5991.83999999994,"morning"
"90",253,4,3,1,5,4,1,0,710,343,0,1601,102,0,0,10993.7099999999,"evening"
"91",256,2,3,5,1,3,2,0,711,424,0,2036,102,0,0,9850.34999999989,"evening"
"92",257,2,3,3,5,1,3,2,698,445,-0.98,1520,100,0,0,2689.99,"evening"
"93",263,4,3,4,5,3,2,0,708,372,-0.29,1257,102,0,0,5870.32999999994,"evening"
"94",264,4,3,6,1,3,2,0,680,443,-2.89,2105,98,0,0,1783.07,"evening"
"95",276,3,3,4,5,5,1,0,709,411,-0.95,1649,102,0,0,5758.70999999995,"evening"
"96",281,3,2,5,1,4,1,0,706,429,0,2026,102,0,0,1495.08,"evening"
"97",282,4,3,4,5,4,1,0,711,415,0,2008,102,0,0,4162.55999999998,"evening"
"98",283,2,1,5,1,3,2,0,700,389,0,2259,101,0,0,6023.36999999993,"evening"
"99",289,4,2,7,1,5,1,0,698,429,-2,1649,100,0,0,5970.46999999995,"evening"
"100",290,2,3,4,5,3,2,0,710,367,0,1303,102,0,0,5524.33999999997,"evening"
"101",294,2,1,5,1,2,4,2,710,420,-0.12,216,102,0,0,5411.35999999997,"morning"
"102",300,5,1,1,5,4,2,0,685,401,0,2031,99,0,0,4974.30999999996,"evening"
"103",301,3,1,4,1,2,4,2,711,432,0,1033,102,0,0,7211.67999999993,"morning"
"104",302,4,3,4,1,2,3,1,691,421,0,1657,99,0,0,1797.53,"evening"
"105",304,2,3,5,5,3,2,0,711,322,-1.3,1313,102,0,0,8586.27999999995,"evening"
"106",306,1,3,4,1,2,4,2,711,315,-0.79,1918,102,0,0,5716.72999999996,"evening"
"107",309,2,1,6,1,5,2,0,624,367,0,1933,90,0,0,2325.59,"evening"
"108",314,4,3,6,1,2,3,1,707,334,-0.62,1606,102,0,0,3004.00999999999,"evening"
"109",317,4,1,6,1,5,2,0,710,356,0,2135,102,-0.25,-0.25,6083.29999999995,"evening"
"110",319,4,3,4,1,1,4,3,690,408,0,1723,99,0,0,3758.49999999998,"evening"
"111",321,4,1,7,1,3,2,0,690,450,0,1038,99,0,0,5935.65999999995,"morning"
"112",324,4,3,5,5,4,1,0,711,442,-0.39,1733,102,0,0,8554.86999999988,"evening"
"113",325,3,1,6,1,2,4,2,698,427,-0.3,1924,100,0,0,2850.58,"evening"
"114",329,2,3,6,5,4,1,0,706,369,-1.32,1815,102,0,0,3026.70999999999,"evening"
"115",332,3,1,8,1,2,5,3,707,346,0,1902,102,0,0,5519.01999999995,"evening"
"116",334,4,1,1,1,3,2,0,711,293,0,1611,102,0,0,4827.79999999997,"evening"
"117",346,6,1,5,1,3,2,0,706,415,-0.2,1029,102,0,0,5351.40999999999,"morning"
"118",350,4,1,5,1,1,4,2,710,382,0,1638,102,0,0,3083.24999999999,"evening"
"119",351,4,3,5,5,6,1,0,709,311,0,933,102,0,0,7659.66999999987,"morning"
"120",353,4,1,9,1,3,2,0,700,333,0,1505,101,0,0,3799.19999999998,"evening"
"121",354,2,1,4,1,2,5,3,709,346,0,1518,102,0,0,8729.86999999988,"evening"
"122",358,3,3,5,1,3,2,0,711,439,0,1000,102,0,0,12729.3399999999,"morning"
"123",361,4,3,5,5,6,1,0,711,443,-1.1,1413,102,0,0,8747.09999999993,"evening"
"124",362,6,3,5,5,5,1,0,706,375,-0.01,1023,102,0,0,2987.48999999999,"morning"
"125",367,5,1,5,1,3,2,0,708,368,-1.5,1630,102,0,0,7186.36999999995,"evening"
"126",370,6,3,5,5,3,2,0,556,329,-2.07,1355,80,0,0,3386.77999999999,"evening"
"127",371,3,1,6,1,2,3,1,711,324,0,1201,102,0,0,15716.5399999999,"afternoon"
"128",377,4,1,5,1,3,2,0,711,424,-0.1,1734,102,0,0,3166.44999999998,"evening"
"129",378,5,1,5,1,4,2,0,708,375,0,1600,102,0,0,4715.41999999996,"evening"
"130",381,2,2,4,1,1,2,1,699,292,0,1801,101,0,0,3120.78999999999,"evening"
"131",383,4,3,5,1,6,1,0,693,400,-2.1,1247,100,0,0,5763.43999999994,"evening"
"132",385,2,1,5,1,2,5,3,701,32004,0,1446,101,0,0,2929.71999999999,"evening"
"133",386,3,2,3,2,4,1,0,710,289,0,1719,102,0,0,4676.42999999998,"evening"
"134",387,2,2,5,1,4,1,0,704,448,0,1844,101,0,0,5697.24999999994,"evening"
"135",389,3,3,9,2,4,1,0,710,406,0,1429,102,-2,0,14880.9199999999,"evening"
"136",390,4,2,3,4,4,1,0,709,447,0,1314,102,0,0,1806.02,"evening"
"137",391,6,2,3,5,4,1,0,613,443,0,1746,88,0,0,1412.64,"evening"
"138",392,3,1,12,1,2,3,1,709,31782,-1.7,1941,102,0,0,11443.9699999999,"evening"
"139",395,3,3,3,5,5,1,0,710,289,0,2242,102,0,0,872.91,"evening"
"140",400,3,1,9,1,2,3,1,711,338,0,1416,102,0,0,18494.14,"evening"
"141",404,2,1,3,5,6,2,0,709,396,0,1520,102,0,0,6107.17999999991,"evening"
"142",409,1,2,3,1,3,2,0,709,412,-1.19,1751,102,0,0,4499.84999999997,"evening"
"143",410,5,1,4,1,2,5,3,711,370,0,957,102,0,0,1148.42,"morning"
"144",411,3,3,1,5,3,2,0,705,382,0,1710,101,0,0,6697.20999999996,"evening"
"145",412,6,1,2,1,4,2,0,711,313,-0.5,1814,102,0,0,2426.3,"evening"
"146",413,4,3,7,5,6,1,0,702,448,0,2014,101,0,0,5963.77999999995,"evening"
"147",417,4,1,4,5,4,2,0,703,316,-0.49,1748,101,0,0,3012.95999999999,"evening"
"148",418,3,3,4,5,2,3,1,711,384,-0.14,1905,102,0,0,6960.9599999999,"evening"
"149",426,4,3,5,1,3,2,0,710,406,0,1530,102,0,0,7860.84999999994,"evening"
"150",428,1,3,5,2,3,2,0,693,443,-2.58,606,100,0,0,3361.42999999999,"morning"
"151",432,1,3,3,5,4,1,0,711,368,0,2014,102,0,0,3486.55,"evening"
"152",434,3,1,2,1,2,3,1,708,381,0,1006,102,0,0,3778.74999999998,"morning"
"153",437,2,1,5,1,2,5,3,708,34280,-1.23,1725,102,0,0,5915.72999999994,"evening"
"154",438,3,1,5,2,3,2,0,704,320,-7.5,1533,101,0,0,4456.51999999999,"evening"
"155",441,4,2,5,1,4,1,0,709,315,0,1847,102,0,0,2369.9,"evening"
"156",442,2,3,2,5,1,2,1,711,34011,-0.97,1516,102,0,0,3094.71,"evening"
"157",443,4,1,3,1,3,2,0,711,410,-0.4,1135,102,0,0,2644.21,"morning"
"158",451,2,2,1,4,3,2,0,711,33923,0,1246,102,0,0,2376.28,"evening"
"159",454,5,3,4,5,5,1,0,710,388,-2.38,1641,102,0,0,8215.9299999999,"evening"
"160",456,1,2,5,1,3,2,0,701,401,-0.5,1649,101,0,0,6314.02999999993,"evening"
"161",458,5,1,4,1,4,2,0,709,310,-27.02,1600,102,0,0,1685.64,"evening"
"162",460,6,2,3,1,4,1,0,707,396,0,1317,102,0,0,760.45,"evening"
"163",462,6,3,7,5,5,1,0,706,304,0,2144,102,0,0,1510.63,"evening"
"164",464,6,1,5,1,3,2,0,709,306,-2.71,1233,102,0,0,3590.48999999999,"evening"
"165",469,4,3,6,2,4,1,0,698,33923,-0.49,1826,100,0,0,7748.48999999988,"evening"
"166",473,4,3,5,1,6,1,0,709,327,0,1126,102,0,0,3208.70999999999,"morning"
"167",483,4,3,4,5,4,1,0,710,296,0,318,102,0,0,2718.98999999999,"morning"
"168",484,2,3,2,5,3,2,0,706,335,-0.49,1749,102,0,0,2964.50999999999,"evening"
"169",485,3,3,3,1,5,1,0,710,330,-1.69,1115,102,0,0,5431.00999999998,"morning"
"170",489,5,3,9,5,4,1,0,711,448,0,1416,102,0,0,5866.55999999996,"evening"
"171",490,3,1,6,1,2,5,3,692,427,0,1702,100,0,0,3886.86999999999,"evening"
"172",491,4,1,6,5,4,2,0,709,375,0,1829,102,0,0,4835.70999999995,"evening"
"173",492,4,3,5,1,3,2,0,633,382,0,1811,91,0,0,7148.27999999993,"evening"
"174",493,5,3,5,5,6,1,0,708,422,-0.25,1647,102,0,0,4925.55999999996,"evening"
"175",510,3,1,12,1,2,3,1,707,31862,-1.49,1553,102,0,0,7903.3599999999,"evening"
"176",513,4,3,6,1,3,2,0,705,447,-2.49,944,101,-1,0,12130.0099999999,"morning"
"177",518,4,1,6,1,3,2,0,706,427,0,1713,102,0,0,4926.36999999996,"evening"
"178",523,6,2,4,1,5,1,0,710,445,0,1317,102,0,0,5731.86999999996,"evening"
"179",526,4,3,5,5,6,1,0,707,31782,0,1914,102,0,0,4574.91999999996,"evening"
"180",527,4,3,5,1,4,1,0,708,32004,0,1420,102,0,0,3581.51999999997,"evening"
"181",534,4,3,4,5,5,1,0,709,31642,0,957,102,0,0,1315.44,"morning"
"182",540,2,2,5,1,4,1,0,707,299,0,2002,102,0,0,3280.72999999998,"evening"
"183",542,2,3,4,5,4,1,0,692,31582,-0.49,1614,100,0,0,2313.52,"evening"
"184",543,3,1,4,2,1,3,1,711,356,-0.69,1532,102,0,0,3697.54999999998,"evening"
"185",546,4,3,5,5,3,2,0,633,327,-4.9,1619,91,0,0,3338.99999999999,"evening"
"186",548,3,2,6,1,3,2,0,684,381,0,1528,98,0,0,4255.82999999998,"evening"
"187",553,4,3,6,1,3,2,0,711,330,0,1514,102,0,0,7259.08999999991,"evening"
"188",560,1,3,4,5,3,2,0,711,382,0,1636,102,0,0,7290.89999999994,"evening"
"189",567,1,3,3,5,5,1,0,711,292,-2.41,2156,102,0,0,3134.89999999999,"evening"
"190",569,3,1,12,1,2,3,1,710,316,0,1428,102,0,0,6749.18999999989,"evening"
"191",574,3,1,6,1,2,3,1,711,427,-0.49,910,102,0,0,6753.53999999996,"morning"
"192",575,3,3,5,5,4,1,0,711,362,-0.66,1143,102,0,0,11771.1299999999,"morning"
"193",576,5,1,4,1,5,2,0,679,289,-0.71,1953,98,0,0,3750.11999999998,"evening"
"194",578,2,3,5,5,5,1,0,704,401,0,1920,101,0,0,2996.68999999999,"evening"
"195",582,4,1,8,1,6,3,1,709,439,0,1336,102,0,0,5137.73999999996,"evening"
"196",583,3,2,2,5,4,1,0,690,427,-0.31,1823,99,0,0,3063.33999999999,"evening"
"197",586,1,1,4,4,2,3,1,711,359,0,2106,102,0,0,5822.63999999995,"evening"
"198",588,3,1,5,1,2,5,3,710,338,-0.19,1450,102,0,0,9540.53999999991,"evening"
"199",593,3,3,4,5,5,1,0,691,382,0,1440,99,0,0,646.4,"evening"
"200",595,2,3,4,5,2,3,1,709,352,-0.49,1435,102,0,0,2373.74,"evening"
"201",596,4,1,2,1,1,3,1,711,297,-2.41,1949,102,0,0,2996.36999999999,"evening"
"202",597,1,3,1,5,1,2,1,708,412,0,2014,102,0,0,3826.24999999998,"evening"
"203",598,3,2,3,5,4,1,0,710,318,0,1333,102,0,0,3354.89999999999,"evening"
"204",601,3,1,7,1,2,4,2,710,306,-0.52,1846,102,0,0,5241.26999999995,"evening"
"205",605,2,1,6,1,2,4,2,708,369,-1.82,1234,102,0,0,5856.37999999995,"evening"
"206",606,4,3,4,3,6,1,0,708,446,-0.19,2313,102,0,0,3323.11999999998,"evening"
"207",607,4,3,8,5,6,1,0,706,432,0,1207,102,0,0,3203.00999999999,"evening"
"208",608,2,2,3,4,1,5,3,711,441,0,2016,102,0,0,5148.97999999997,"evening"
"209",609,4,3,5,5,6,1,0,711,388,0,1351,102,0,0,1665.89,"evening"
"210",614,3,1,2,5,2,4,2,708,288,0,1910,102,0,0,2757.24,"evening"
"211",621,4,3,4,5,5,1,0,710,450,-0.58,1413,102,0,0,3179.15000000001,"evening"
"212",622,3,3,2,5,4,1,0,710,298,0,1135,102,0,0,2384.37,"morning"
"213",623,4,1,4,1,2,3,1,711,381,-0.14,2343,102,0,0,3899.15999999999,"evening"
"214",624,4,3,5,5,6,1,0,705,370,0,1737,101,0,0,6003.46999999996,"evening"
"215",630,3,1,4,1,2,3,1,711,306,-0.99,1253,102,0,0,7746.26999999995,"evening"
"216",631,6,1,7,1,2,3,1,711,389,0,1447,102,0,0,9277.71999999987,"evening"
"217",644,6,1,6,1,3,2,0,710,335,-0.1,1405,102,0,0,3772.02999999997,"evening"
"218",647,3,1,5,4,2,4,2,711,343,-1.09,1637,102,0,0,6326.73999999994,"evening"
"219",660,5,1,5,1,6,2,0,709,450,-2,1902,102,0,0,7954.2799999999,"evening"
"220",661,4,3,5,1,6,1,0,710,427,-0.5,1431,102,0,0,8271.30999999994,"evening"
"221",670,5,1,4,5,2,3,1,708,412,0,1322,102,0,0,5685.66999999995,"evening"
"222",671,3,3,4,1,4,1,0,694,432,0,1620,100,0,0,5089.65999999998,"evening"
"223",672,3,3,3,5,3,2,0,710,403,0,2345,102,0,0,2731.15,"evening"
"224",675,3,3,5,5,3,2,0,711,372,0,1508,102,0,0,4832.37999999998,"evening"
"225",680,4,3,5,1,6,1,0,700,424,0,1157,101,0,0,3513.01999999998,"morning"
"226",682,6,1,8,1,3,2,0,569,432,-0.39,1129,82,0,0,4438.28999999998,"morning"
"227",685,3,1,1,5,4,2,0,708,304,-0.25,2328,102,0,0,6019.76999999995,"evening"
"228",688,3,1,8,1,2,3,1,692,320,-0.39,1434,100,0,0,3207.60999999999,"evening"
"229",690,6,2,2,1,4,1,0,710,318,-0.97,1259,102,0,0,4963.13999999997,"evening"
"230",692,6,3,4,1,4,1,0,710,335,0,2021,102,0,0,3891.13999999997,"evening"
"231",693,4,3,2,5,3,2,0,696,359,0,1236,100,0,0,6378.79999999995,"evening"
"232",695,3,2,4,5,1,3,2,710,315,-1,2146,102,0,0,8523.9299999999,"evening"
"233",696,3,3,5,1,3,2,0,708,369,-1.91,1653,102,0,0,14715.5299999999,"evening"
"234",699,4,1,5,1,3,2,0,706,408,-0.1,1657,102,0,0,10352.9999999999,"evening"
"235",706,4,2,5,1,3,2,0,711,384,-1.07,1850,102,0,0,4024.59999999998,"evening"
"236",707,2,1,7,1,2,5,3,711,429,-1.48,1552,102,0,0,19194.42,"evening"
"237",708,3,1,7,1,2,4,2,706,402,-0.49,2029,102,0,0,2828.05999999999,"evening"
"238",712,6,1,5,1,3,2,0,710,448,-0.59,1019,102,0,0,11711.0199999999,"morning"
"239",714,5,3,2,5,2,3,1,711,403,0,1142,102,0,0,4117.33999999999,"morning"
"240",715,5,1,2,1,3,2,0,711,415,-1.9,1748,102,0,0,3712.13999999999,"evening"
"241",716,4,1,6,1,2,5,3,708,400,-0.54,848,102,0,0,1290.68,"morning"
"242",718,4,1,3,1,2,5,3,707,324,-1.4,1710,102,0,0,19299.8600000002,"evening"
"243",722,3,1,5,1,3,2,0,705,359,0,1057,101,0,0,6437.61999999994,"morning"
"244",725,4,3,3,5,4,1,0,711,400,0,1156,102,0,0,4828.57999999998,"morning"
"245",731,4,3,4,1,3,2,0,702,445,0,1740,101,0,0,3151.30999999999,"evening"
"246",732,5,1,6,1,2,4,2,709,333,-0.57,2112,102,0,0,3967.81999999998,"evening"
"247",733,4,1,6,1,3,2,0,704,356,-0.22,1639,101,0,0,2678.56,"evening"
"248",740,4,1,10,1,4,2,0,711,404,0,1117,102,0,0,6644.84999999993,"morning"
"249",741,6,3,5,1,2,3,1,705,315,-0.57,1405,101,0,0,3414.59999999998,"evening"
"250",742,3,1,2,4,1,4,2,703,391,0,1610,101,0,0,3950.96,"evening"
"251",748,4,2,1,1,2,3,1,702,381,0,2137,101,0,0,2709.18,"evening"
"252",752,3,1,6,4,4,2,0,709,356,-2,1703,102,0,0,3792.55999999998,"evening"
"253",753,4,1,6,1,2,4,2,711,396,-0.9,1801,102,0,0,2177.13,"evening"
"254",755,3,3,5,1,6,1,0,709,382,-1.33,538,102,0,0,10617.05,"morning"
"255",761,2,1,8,1,1,5,3,711,343,0,1903,102,0,0,9036.00999999992,"evening"
"256",762,3,1,8,4,4,2,0,711,31862,0,1102,102,0,0,8982.78999999988,"morning"
"257",764,3,1,5,1,2,5,3,703,33923,-17.97,2141,101,0,0,3196.77999999999,"evening"
"258",766,4,1,9,1,3,2,0,701,333,0,2113,101,0,0,8350.08999999989,"evening"
"259",768,3,1,5,4,4,2,0,710,323,0,1733,102,0,0,6681.34999999993,"evening"
"260",770,2,1,5,1,2,5,3,698,415,-0.91,2134,100,-2,0,2246.36,"evening"
"261",771,4,3,5,1,6,1,0,711,359,-1.2,1747,102,0,0,7990.9699999999,"evening"
"262",779,6,3,8,1,2,3,1,710,343,-1.2,2055,102,0,0,3918.27999999997,"evening"
"263",784,4,1,7,1,4,2,0,708,363,-0.01,1919,102,0,0,3117.65999999999,"evening"
"264",785,6,1,6,1,3,2,0,707,363,-1.98,1524,102,0,0,2089.8,"evening"
"265",786,1,3,6,1,3,2,0,706,448,-0.62,1144,102,0,0,7434.06999999991,"morning"
"266",787,2,2,3,1,5,1,0,709,389,-2,1531,102,0,0,2504.58999999999,"evening"
"267",788,2,3,1,5,1,2,1,709,313,-0.42,1634,102,0,0,7514.19999999997,"evening"
"268",790,4,3,5,1,6,1,0,704,31782,-2,151,101,0,0,2842.62999999998,"morning"
"269",797,2,3,6,1,3,2,0,706,450,-2.41,1411,102,0,0,3059.56999999999,"evening"
"270",800,2,1,4,1,3,2,0,711,424,0,1619,102,0,0,10426.5799999999,"evening"
"271",802,6,3,4,1,3,2,0,702,404,0,1023,101,0,0,2154.43,"morning"
"272",803,2,3,6,5,3,2,0,707,327,0,1707,102,0,0,2036.84000000001,"evening"
"273",806,3,1,6,1,3,2,0,711,356,-0.5,2015,102,0,0,5875.34999999996,"evening"
"274",808,4,3,6,1,2,3,1,711,34280,0,2131,102,0,0,2317.9,"evening"
"275",816,2,3,5,5,4,1,0,696,380,0,1830,100,0,0,3468.65999999998,"evening"
"276",817,3,1,9,1,2,3,1,706,333,-28.48,1407,102,0,0,4801.84999999997,"evening"
"277",823,3,1,5,1,2,3,1,705,422,-1.76,1201,101,0,0,2590.14999999999,"afternoon"
"278",825,4,1,10,1,3,2,0,708,432,0,1826,102,0,0,11835.0199999999,"evening"
"279",831,4,2,5,1,1,3,2,706,304,-0.5,2029,102,0,0,8831.34999999993,"evening"
"280",840,3,1,6,1,2,5,3,711,400,0,1456,102,0,0,11944.5699999999,"evening"
"281",844,4,1,11,1,3,2,0,710,31862,0,925,102,0,0,5399.63999999993,"morning"
"282",845,1,2,5,1,4,1,0,705,343,0,1437,101,0,0,5097.27999999996,"evening"
"283",852,2,3,4,5,2,4,2,704,333,-0.49,1458,101,0,0,1943.73,"evening"
"284",853,2,2,10,5,4,1,0,710,367,-0.01,1224,102,0,0,13497.2899999998,"evening"
"285",856,5,2,4,1,4,1,0,710,445,0,1643,102,0,0,5080.03999999997,"evening"
"286",857,6,1,4,1,1,3,1,703,400,0,1856,101,0,0,4040.80999999998,"evening"
"287",859,2,3,5,5,4,1,0,710,421,0,1553,102,0,0,7074.19999999993,"evening"
"288",863,4,3,2,5,6,1,0,711,313,-0.1,1202,102,0,0,2183.53,"evening"
"289",864,3,3,2,1,4,1,0,711,410,0,906,102,0,0,7892.96999999993,"morning"
"290",865,3,1,6,1,2,5,3,695,341,0,1415,100,0,0,1887.73,"evening"
"291",866,4,3,2,5,1,2,1,693,345,0,856,100,0,0,5519.34999999997,"morning"
"292",867,4,3,6,1,6,1,0,711,369,-1.05,805,102,0,0,6088.83999999995,"morning"
"293",868,6,1,4,1,3,2,0,708,323,-1.29,1227,102,0,0,6836.64999999993,"evening"
"294",871,3,1,11,1,2,3,1,709,432,-2,740,102,0,0,10435.9599999999,"morning"
"295",875,2,3,3,5,2,3,1,689,320,0,1619,99,0,0,1473.27,"evening"
"296",878,2,3,4,5,1,3,2,709,446,0,1621,102,0,0,5980.71999999996,"evening"
"297",879,3,2,5,1,3,2,0,704,341,0,1058,101,0,0,2448.6,"morning"
"298",882,4,3,5,5,3,2,0,702,31782,-1.48,1921,101,0,0,4609.79999999997,"evening"
"299",883,3,1,4,1,3,2,0,710,367,0,1439,102,0,0,10165.13,"evening"
"300",886,3,1,7,1,3,2,0,709,375,0,1626,102,0,0,4890.10999999998,"evening"
"301",888,2,3,9,1,2,3,1,706,401,0,1025,102,0,0,8689.00999999988,"morning"
"302",889,2,1,5,1,2,4,2,711,375,-1.54,1510,102,0,0,12983.01,"evening"
"303",895,4,3,9,5,5,1,0,700,367,-1.3,1920,101,0,0,8700.14999999994,"evening"
"304",898,5,1,8,1,3,2,0,711,369,0,1410,102,0,0,8355.2299999999,"evening"
"305",900,3,1,4,1,3,2,0,711,330,0,2152,102,0,0,16450.53,"evening"
"306",903,3,3,4,5,5,1,0,701,320,0,1813,101,0,0,2949.55999999999,"evening"
"307",906,5,1,1,1,4,2,0,711,319,0,1950,102,0,0,7048.70999999996,"evening"
"308",908,4,1,7,2,2,3,1,707,296,0,1626,102,0,0,6097.46999999995,"evening"
"309",911,2,1,8,1,3,2,0,691,421,0,1649,99,0,0,3696.75999999998,"evening"
"310",914,4,2,2,1,3,2,0,709,439,-1,945,102,0,0,1834.08,"morning"
"311",915,4,3,2,5,4,1,0,707,337,-0.29,1713,102,0,0,970.110000000003,"evening"
"312",920,4,1,4,1,2,5,3,710,388,0,2130,102,0,0,5887.35999999996,"evening"
"313",922,4,3,4,5,6,1,0,698,388,0,1129,100,0,0,3336.98999999998,"morning"
"314",926,3,3,1,1,3,2,0,704,380,0,1749,101,0,0,7274.09999999993,"evening"
"315",929,4,2,3,4,1,2,1,706,319,-1.07,1356,102,0,0,5342.54999999995,"evening"
"316",932,1,3,2,5,3,2,0,691,31401,0,2122,99,0,0,5845.95999999997,"evening"
"317",934,4,3,1,5,4,1,0,708,422,-0.19,1600,102,0,0,10709.38,"evening"
"318",939,4,3,6,1,3,2,0,709,442,-0.29,1846,102,0,0,5254.65999999997,"evening"
"319",941,1,1,11,5,3,2,0,710,448,0,2034,102,0,0,2206.06,"evening"
"320",946,1,3,1,5,4,1,0,709,297,0,1536,102,0,0,2530.45,"evening"
"321",947,6,2,4,1,5,1,0,710,337,0,1344,102,0,0,2305.51,"evening"
"322",949,2,3,5,1,3,2,0,707,406,0,1610,102,0,0,5799.96999999996,"evening"
"323",955,1,3,1,5,4,1,0,710,446,-0.14,2005,102,0,0,4053.68999999998,"evening"
"324",956,4,3,5,1,3,2,0,711,370,0,1815,102,0,0,10231.9299999999,"evening"
"325",960,3,1,8,1,2,5,3,710,333,-0.2,1617,102,0,0,2447.49,"evening"
"326",968,3,2,4,4,1,2,1,711,402,-0.87,2020,102,0,0,9805.10999999992,"evening"
"327",971,2,1,4,1,2,3,1,711,389,0,1755,102,0,0,3676.14999999998,"evening"
"328",973,3,1,5,1,2,4,2,710,382,0,2052,102,0,0,13486.3199999999,"evening"
"329",976,2,1,11,1,2,5,3,706,404,-0.19,1107,102,0,0,6190.50999999992,"morning"
"330",979,3,2,4,1,1,2,1,710,368,0,1324,102,-2.99,0,12854.6599999999,"evening"
"331",981,4,1,3,1,4,2,0,690,372,-6,730,99,0,0,1394.11,"morning"
"332",982,4,3,4,5,2,4,2,710,382,0,1428,102,0,0,18790.3400000001,"evening"
"333",983,4,1,4,1,2,3,1,711,356,-2.41,1211,102,0,0,3807.14999999998,"evening"
"334",986,2,3,4,5,5,1,0,698,401,-1,1939,100,0,0,1827.87,"evening"
"335",992,4,1,4,1,2,3,1,711,321,-0.19,1438,102,0,0,823.35,"evening"
"336",993,5,1,5,1,1,5,3,703,32004,0,1153,101,0,0,3064.86999999999,"morning"
"337",996,5,1,3,1,3,2,0,711,31762,0,1710,102,0,0,2220.85,"evening"
"338",997,4,3,6,1,5,1,0,711,367,-1.91,1645,102,0,0,4646.80999999997,"evening"
"339",1001,4,3,5,1,6,1,0,710,3131,-3,1702,102,0,0,4081.99999999998,"evening"
"340",1003,3,3,3,5,4,1,0,683,295,0,1441,98,0,0,2588.72999999999,"evening"
"341",1004,2,3,2,5,5,1,0,709,381,-0.5,1752,102,0,0,3708.71999999998,"evening"
"342",1012,3,1,4,5,6,5,3,673,34280,0,1222,97,0,0,2342.50999999999,"evening"
"343",1014,4,1,2,5,2,4,2,703,403,-0.5,2105,101,0,0,4199.75999999996,"evening"
"344",1015,4,3,5,1,6,1,0,710,403,0,1028,102,0,0,3807.71999999999,"morning"
"345",1018,4,1,4,1,2,5,3,707,401,0,2043,102,0,0,2138.59,"evening"
"346",1020,4,1,3,1,3,2,0,711,319,-0.61,1536,102,0,0,9561.4599999999,"evening"
"347",1021,3,1,5,1,2,5,3,708,389,0,1358,102,0,0,2086.12,"evening"
"348",1024,2,1,1,1,2,4,2,707,295,0,1508,102,0,0,9448.74999999993,"evening"
"349",1031,3,1,6,1,3,2,0,557,375,-1.7,1544,80,0,0,4232.11999999997,"evening"
"350",1038,5,3,1,3,5,1,0,702,367,-1.19,1758,101,0,0,1602,"evening"
"351",1040,2,2,7,5,5,1,0,710,372,0,1618,102,0,0,5664.73999999994,"evening"
"352",1041,2,3,4,5,5,1,0,711,297,0,1315,102,0,0,7156.69999999994,"evening"
"353",1042,2,3,6,1,3,2,0,706,368,0,1120,102,0,0,5284.11999999997,"morning"
"354",1045,2,1,1,1,5,2,0,710,408,0,1401,102,0,0,4893.10999999996,"evening"
"355",1053,5,1,7,1,3,2,0,707,356,0,1334,102,0,0,4616.41999999997,"evening"
"356",1057,3,3,5,5,5,1,0,710,427,-0.4,2130,102,0,0,8219.3399999999,"evening"
"357",1060,3,2,4,4,3,2,0,672,2836,-0.29,1636,97,0,0,6096.92999999996,"evening"
"358",1062,6,3,2,1,3,2,0,711,356,0,1022,102,0,0,1495.76,"morning"
"359",1066,3,3,3,5,3,2,0,708,364,-0.98,1351,102,0,0,3114.33999999998,"evening"
"360",1069,2,3,4,5,3,2,0,681,31782,-0.19,1725,98,0,0,3433.26999999999,"evening"
"361",1070,3,3,5,1,3,2,0,708,327,-1.12,1732,102,0,0,5187.12999999996,"evening"
"362",1074,4,1,4,1,2,4,2,707,292,0,1821,102,0,0,7769.21999999991,"evening"
"363",1076,2,2,4,1,3,2,0,711,365,0,943,102,0,0,2241.01,"morning"
"364",1081,5,1,6,1,3,2,0,699,31742,-4.8,1545,101,0,0,10201.5499999999,"evening"
"365",1082,4,3,4,5,5,1,0,711,370,0,1132,102,0,0,2032.54,"morning"
"366",1084,2,3,4,5,2,3,1,711,339,0,2045,102,0,0,2363.16,"evening"
"367",1091,4,1,6,1,3,2,0,666,406,0,1817,96,0,0,5617.39999999996,"evening"
"368",1094,4,1,6,1,2,5,3,709,421,0,1035,102,0,0,5935.56999999995,"morning"
"369",1103,3,1,5,1,2,3,1,708,412,0,1927,102,0,0,6104.18999999994,"evening"
"370",1113,4,1,5,1,2,3,1,710,400,-0.4,1630,102,0,0,4391.29999999997,"evening"
"371",1120,3,2,1,4,2,4,2,709,446,0,2350,102,0,0,1737.84,"evening"
"372",1123,5,1,2,5,4,2,0,674,356,0,1433,97,0,0,3915.80999999998,"evening"
"373",1128,2,3,6,5,2,3,1,710,34011,0,1636,102,0,0,3027,"evening"
"374",1130,5,3,3,4,2,3,1,711,31642,0,1528,102,0,0,6563.14999999992,"evening"
"375",1131,4,2,5,1,2,3,1,710,389,-0.5,2015,102,0,0,3034.76999999999,"evening"
"376",1135,4,3,5,5,6,2,1,706,31642,-0.4,2025,102,0,0,748.88,"evening"
"377",1137,6,2,4,1,5,1,0,708,412,0,1857,102,0,0,2121.89,"evening"
"378",1138,3,3,2,5,3,2,0,711,410,0,1807,102,0,0,4546.36999999997,"evening"
"379",1142,4,1,5,1,3,2,0,710,335,0,1233,102,0,0,15178.9599999999,"evening"
"380",1146,3,2,4,1,1,4,3,711,304,-3.02,1456,102,0,0,8854.63999999997,"evening"
"381",1147,1,3,3,5,3,2,0,710,363,-0.5,2149,102,0,0,3779.35999999998,"evening"
"382",1151,4,3,1,3,5,1,0,708,337,-2.78,1923,102,0,0,2808.90999999999,"evening"
"383",1154,4,1,4,1,6,2,0,711,346,0,2207,102,0,0,3803.54999999998,"evening"
"384",1158,4,3,2,1,3,2,0,711,289,0,1714,102,0,0,2903.2,"evening"
"385",1159,4,1,2,1,3,2,0,708,298,0,1322,102,0,0,4468.62999999995,"evening"
"386",1160,6,3,4,1,4,1,0,711,337,0,1333,102,0,0,4377.95999999998,"evening"
"387",1163,3,3,1,5,6,1,0,694,363,0,1734,100,0,0,4808.00999999996,"evening"
"388",1164,2,3,2,5,5,1,0,711,410,0,1924,102,0,0,4689.34999999995,"evening"
"389",1166,4,1,8,1,2,3,1,711,408,-0.87,1312,102,0,0,12300.6199999999,"evening"
"390",1167,3,3,5,1,2,4,2,708,31862,0,1441,102,0,0,6798.78999999992,"evening"
"391",1169,1,1,2,1,3,2,0,705,319,-0.81,1835,101,0,0,5159.39999999998,"evening"
"392",1172,2,2,5,5,5,1,0,710,396,0,1031,102,0,0,4569.23999999998,"morning"
"393",1174,2,3,1,5,2,5,3,704,319,-1,1153,101,0,0,2156.65,"morning"
"394",1175,2,1,5,1,4,2,0,706,388,-2.32,1935,102,0,0,7403.50999999992,"evening"
"395",1178,4,3,2,5,4,1,0,708,32004,0,1643,102,0,0,5022.27999999995,"evening"
"396",1179,3,1,5,1,3,2,0,711,33923,-1.54,1509,102,0,0,9428.39999999994,"evening"
"397",1186,4,1,5,1,1,5,3,708,321,0,1550,102,0,0,6060.37999999993,"evening"
"398",1188,4,3,4,4,6,1,0,706,341,0,1931,102,0,0,3722.21999999998,"evening"
"399",1190,2,3,4,1,3,2,0,711,31582,0,1847,102,0,0,3327.01999999998,"evening"
"400",1197,3,1,9,1,3,2,0,705,384,0,1241,101,0,0,7988.72999999992,"evening"
"401",1218,4,1,4,1,2,4,2,702,321,0,1213,101,0,0,3093.52999999999,"evening"
"402",1219,1,1,2,1,2,3,1,709,324,0,1037,102,0,0,823.08,"morning"
"403",1222,4,3,2,1,4,1,0,709,400,0,919,102,0,0,5833.38999999995,"morning"
"404",1226,2,2,4,1,1,3,2,701,368,0,1851,101,0,0,6237.45999999994,"evening"
"405",1228,4,3,7,5,4,1,0,711,406,0,1528,102,0,0,14503.89,"evening"
"406",1229,5,1,9,1,3,2,0,711,384,-0.9,1657,102,0,0,18304.3100000001,"evening"
"407",1234,4,2,4,1,3,2,0,710,359,0,2258,102,0,0,5547.82999999996,"evening"
"408",1236,3,3,5,5,2,3,1,709,448,-2,2250,102,0,0,3993.00999999998,"evening"
"409",1240,4,3,1,1,3,2,0,711,34011,0,1655,102,0,0,11250.0699999999,"evening"
"410",1247,3,1,4,1,3,2,0,709,374,0,1505,102,0,0,6639.94999999992,"evening"
"411",1248,4,3,5,5,1,2,1,702,447,0,1651,101,0,0,9091.28999999991,"evening"
"412",1256,4,3,5,5,1,2,1,706,439,0,1704,102,0,0,5274.31999999995,"evening"
"413",1257,4,3,5,1,2,3,1,707,375,0,1913,102,0,0,1389.12,"evening"
"414",1258,4,3,6,1,6,1,0,711,432,-1,1955,102,0,0,3502.44999999999,"evening"
"415",1260,6,3,5,1,5,1,0,711,367,0,1826,102,0,0,11200.7999999998,"evening"
"416",1261,4,1,3,1,4,2,0,705,363,0,1816,101,0,0,3777.97999999999,"evening"
"417",1263,2,2,2,5,5,1,0,682,368,0,2254,98,0,0,5257.43999999996,"evening"
"418",1264,4,3,2,5,5,1,0,701,31782,0,1712,101,0,0,6458.77999999994,"evening"
"419",1267,2,3,6,5,4,1,0,709,381,0,831,102,0,0,1689.84,"morning"
"420",1268,3,3,1,1,2,4,2,706,31742,0,1402,102,0,0,3013.55999999999,"evening"
"421",1270,4,3,2,5,4,1,0,705,31642,0,1738,101,0,0,3455.31999999998,"evening"
"422",1272,6,1,4,1,4,2,0,711,448,-0.49,1309,102,0,0,10019.4499999999,"evening"
"423",1285,2,2,3,4,1,3,2,709,295,-0.67,936,102,0,0,5048.58999999998,"morning"
"424",1291,5,1,4,1,5,2,0,707,447,-4.49,1409,102,0,0,3290.00999999999,"evening"
"425",1296,6,1,3,1,4,2,0,708,304,0,1226,102,0,0,2124.43,"evening"
"426",1297,3,3,6,1,6,1,0,711,375,0,1633,102,0,0,2733.28,"evening"
"427",1299,3,3,2,4,2,4,2,711,345,-1.13,1604,102,0,0,5959.56999999996,"evening"
"428",1300,4,1,5,1,2,4,2,710,346,-1.7,1248,102,0,0,2959.64999999999,"evening"
"429",1305,1,2,1,4,1,2,1,681,329,-3.88,652,98,0,0,7552.92999999995,"morning"
"430",1306,4,3,1,5,6,1,0,708,381,0,2139,102,0,0,3041.68999999999,"evening"
"431",1316,5,3,4,5,3,2,0,693,306,0,1650,100,0,0,3736.47999999998,"evening"
"432",1318,6,1,5,1,3,2,0,697,359,0,1350,100,-2.5,0,5583.95999999994,"evening"
"433",1321,1,3,4,5,3,2,0,710,364,-0.61,1844,102,0,0,1888.13000000001,"evening"
"434",1326,4,3,1,1,5,1,0,707,318,-0.79,1559,102,0,0,8831.20999999994,"evening"
"435",1333,4,3,8,1,2,4,2,705,317,0,1515,101,0,0,7709.8499999999,"evening"
"436",1337,4,3,5,1,2,4,2,711,368,0,1330,102,0,0,11500.7599999999,"evening"
"437",1352,3,3,6,1,3,2,0,711,406,-1.69,1153,102,0,0,5398.94999999996,"morning"
"438",1354,6,2,2,1,3,2,0,710,31782,0,1326,102,0,0,2534.75999999999,"evening"
"439",1357,5,1,3,1,3,2,0,710,365,-0.5,1219,102,0,0,3061.89999999999,"evening"
"440",1363,2,3,2,5,1,2,1,711,318,0,1720,102,0,0,4075.39999999996,"evening"
"441",1364,6,2,7,1,4,1,0,710,31742,-1,1116,102,0,0,2466.05,"morning"
"442",1367,3,3,6,1,2,3,1,710,343,0,1746,102,0,0,12125.4799999999,"evening"
"443",1369,2,2,1,3,5,1,0,711,446,-0.7,1730,102,0,0,3105.70999999999,"evening"
"444",1370,6,3,3,1,3,2,0,711,318,0,1617,102,0,0,8531.88999999992,"evening"
"445",1376,5,3,5,1,6,1,0,708,310,-3.24,951,102,0,0,11041.4099999999,"morning"
"446",1378,2,3,7,5,4,1,0,707,339,-5.02,1302,102,0,0,6933.71999999989,"evening"
"447",1382,4,3,5,1,3,2,0,706,288,0,1716,102,0,0,3082.46999999999,"evening"
"448",1388,3,1,7,5,2,3,1,709,402,0,1926,102,0,0,6949.15999999991,"evening"
"449",1389,6,1,7,1,4,2,0,701,368,0,1451,101,0,0,2841.16,"evening"
"450",1391,4,1,5,1,3,2,0,708,31401,0,1839,102,0,0,8105.73999999991,"evening"
"451",1393,3,2,9,1,4,1,0,708,317,0,1955,102,0,0,5950.88999999996,"evening"
"452",1394,4,1,5,1,3,2,0,707,442,0,1745,102,0,0,4391.57999999997,"evening"
"453",1396,6,1,8,1,3,2,0,620,292,-0.32,2050,89,0,0,7177.05999999993,"evening"
"454",1397,4,2,4,4,4,1,0,708,441,0,1730,102,0,0,5707.59999999996,"evening"
"455",1402,5,3,2,5,5,1,0,709,298,0,1119,102,0,0,2245.76,"morning"
"456",1412,4,1,5,1,2,3,1,705,31742,-0.36,1956,101,0,0,4053.14999999998,"evening"
"457",1418,2,1,4,1,2,3,1,707,402,0,2009,102,0,0,2735.19999999999,"evening"
"458",1419,3,3,4,5,4,1,0,711,421,0,1046,102,0,0,7634.56999999996,"morning"
"459",1421,3,1,5,1,3,2,0,711,31742,0,1617,102,0,0,5535.19999999999,"evening"
"460",1423,4,3,2,5,5,1,0,698,408,-2,1602,100,0,0,1695.76,"evening"
"461",1425,1,2,5,5,2,3,1,709,339,-4.82,2147,102,0,0,3828.59999999999,"evening"
"462",1428,5,3,4,5,3,2,0,702,31582,-0.41,1816,101,0,0,4911.52999999997,"evening"
"463",1429,4,2,4,4,4,1,0,710,445,0,1550,102,0,0,818.56,"evening"
"464",1430,3,1,4,1,2,3,1,711,358,-1.16,1331,102,0,0,20352.9900000002,"evening"
"465",1437,2,1,2,1,1,3,1,690,443,-0.39,1140,99,0,0,4775.55999999996,"morning"
"466",1438,4,3,1,5,4,1,0,705,310,-3,1733,101,0,0,2130.77,"evening"
"467",1443,3,3,9,5,3,2,0,710,367,-0.59,1652,102,0,0,2221.48,"evening"
"468",1445,3,1,1,1,3,2,0,708,410,0,2249,102,0,0,5130.58999999994,"evening"
"469",1451,4,1,8,1,1,5,3,710,432,0,1140,102,-1,0,6700.04999999996,"morning"
"470",1452,4,1,3,5,2,3,1,699,339,0,1407,101,0,0,1884.04999999999,"evening"
"471",1453,4,1,8,1,2,3,1,710,31862,0,2011,102,0,0,21661.2900000007,"evening"
"472",1454,6,1,6,1,3,2,0,711,316,0,1608,102,0,0,4933.99999999997,"evening"
"473",1461,3,3,3,1,3,2,0,709,316,0,2145,102,0,0,7246.19999999996,"evening"
"474",1462,2,1,5,4,3,2,0,704,31862,-0.87,1628,101,0,0,4829.99999999995,"evening"
"475",1467,3,1,5,2,2,4,2,711,433,0,1936,102,0,0,2957.81999999999,"evening"
"476",1468,6,1,6,1,3,2,0,568,403,0,1101,82,0,0,4131.72999999997,"morning"
"477",1470,4,3,4,5,4,1,0,708,319,-0.39,56,102,0,0,1991.33,NA
"478",1474,3,3,5,1,6,1,0,707,400,0,1727,102,0,0,2445.87,"evening"
"479",1475,2,2,5,1,5,1,0,710,375,0,1811,102,0,0,14855.2099999999,"evening"
"480",1479,4,3,2,3,6,1,0,709,410,0,1749,102,0,0,9129.22999999992,"evening"
"481",1481,1,3,4,5,5,1,0,708,369,-0.52,1344,102,0,0,3298.76999999998,"evening"
"482",1483,1,3,1,5,6,1,0,711,370,-0.61,1618,102,0,0,4725.26999999997,"evening"
"483",1484,1,1,4,1,3,2,0,708,289,0,1824,102,0,0,3209.38999999998,"evening"
"484",1485,3,3,5,1,5,1,0,696,32004,-0.61,1845,100,0,0,2187.88,"evening"
"485",1488,2,1,5,2,4,2,0,692,306,0,2044,100,-2,0,3246.91999999999,"evening"
"486",1491,6,3,4,1,3,2,0,710,296,-2.99,1526,102,0,0,5635.96999999994,"evening"
"487",1492,6,1,2,1,3,2,0,709,401,-20.84,931,102,0,0,1226.29,"morning"
"488",1494,6,2,3,5,4,1,0,700,313,0,1522,101,0,0,2595.09,"evening"
"489",1499,5,1,2,1,3,2,0,711,304,-0.59,933,102,0,0,2106.09,"morning"
"490",1505,4,3,3,5,4,1,0,656,330,0,1221,94,0,0,4053.22999999998,"evening"
"491",1509,4,1,5,1,3,2,0,710,429,0,2121,102,0,0,6452.82999999993,"evening"
"492",1517,4,1,5,1,2,4,2,708,304,-0.39,2007,102,0,0,3871.03999999999,"evening"
"493",1524,4,1,4,1,3,2,0,710,34011,-0.92,1049,102,0,0,2800.81,"morning"
"494",1527,2,1,5,1,3,2,0,710,34280,-1.52,1512,102,0,0,17295.18,"evening"
"495",1528,3,2,8,5,4,1,0,711,316,-0.42,1453,102,0,0,8086.5499999999,"evening"
"496",1529,4,3,5,5,5,1,0,707,31582,-0.81,1823,102,0,0,9025.50999999991,"evening"
"497",1534,2,1,6,4,2,3,1,708,375,-0.79,1329,102,0,0,8449.67999999992,"evening"
"498",1536,4,3,5,5,6,1,0,711,406,0,2001,102,0,0,6960.18999999995,"evening"
"499",1537,1,1,4,4,2,3,1,691,404,-0.87,2112,99,0,0,2878.57999999999,"evening"
"500",1540,4,3,2,5,2,4,2,710,343,0,1505,102,0,0,3598.68999999998,"evening"
"501",1541,3,3,5,5,6,1,0,705,396,0,1222,101,0,0,7743.34999999992,"evening"
"502",1545,4,1,4,1,3,2,0,709,289,0,1542,102,0,0,3948.52999999998,"evening"
"503",1549,4,3,2,1,6,1,0,711,318,-1.33,1701,102,0,0,1988.91,"evening"
"504",1556,4,1,4,1,3,2,0,710,436,-0.82,1047,102,0,0,3799.79999999998,"morning"
"505",1557,2,1,7,4,1,4,2,710,375,0,1542,102,0,0,6528.35999999992,"evening"
"506",1563,4,1,6,1,6,3,1,698,421,0,1516,100,0,0,4754.87999999997,"evening"
"507",1566,3,3,6,1,3,2,0,709,33923,0,2110,102,0,0,10567.7099999999,"evening"
"508",1567,4,3,2,4,5,1,0,708,441,0,959,102,0,0,2124.23,"morning"
"509",1568,5,2,4,1,4,1,0,708,364,-1.58,1057,102,0,0,4575.93999999998,"morning"
"510",1572,3,1,6,1,3,2,0,711,34011,-0.98,2105,102,0,0,2544.41,"evening"
"511",1578,4,3,2,5,3,2,0,697,422,0,1427,100,0,0,2846.80999999999,"evening"
"512",1580,1,2,5,5,3,2,0,710,450,-0.29,1810,102,0,0,1771.02,"evening"
"513",1585,4,2,9,1,4,1,0,705,406,0,1817,101,0,0,9353.8499999999,"evening"
"514",1588,3,3,5,1,6,1,0,708,396,0,1318,102,0,0,5199.97999999994,"evening"
"515",1591,2,3,3,5,4,1,0,708,380,-1.1,1336,102,0,0,4844.95999999997,"evening"
"516",1595,4,3,5,1,5,1,0,710,384,0,1725,102,0,0,5644.06999999996,"evening"
"517",1604,3,3,4,2,3,2,0,711,288,0,1804,102,0,0,818.409999999999,"evening"
"518",1609,4,1,8,1,2,5,3,711,367,-1.51,1711,102,0,0,27859.6800000005,"evening"
"519",1618,3,1,6,1,4,2,0,711,406,0,1652,102,0,0,4562.47999999997,"evening"
"520",1627,2,3,4,5,5,1,0,711,402,0,1748,102,0,0,3484.01999999998,"evening"
"521",1631,1,2,1,4,1,4,3,711,293,-2.41,1619,102,0,0,10427.2099999999,"evening"
"522",1633,4,1,5,1,3,2,0,706,421,0,1710,102,0,0,10162.7799999999,"evening"
"523",1634,2,1,4,1,2,5,3,709,372,0,1548,102,0,0,4616.13999999999,"evening"
"524",1648,3,3,2,3,4,1,0,684,34037,-0.01,1725,98,0,0,5250.35999999998,"evening"
"525",1649,3,2,9,1,5,1,0,711,315,0,1430,102,0,0,1132.4,"evening"
"526",1650,4,1,6,1,2,3,1,705,311,-0.99,1105,101,0,0,2259.16,"morning"
"527",1653,3,2,1,1,4,1,0,710,367,-0.83,2109,102,0,0,19153.7500000001,"evening"
"528",1662,3,3,9,1,3,2,0,702,400,-1.99,1607,101,0,0,8617.93999999988,"evening"
"529",1676,3,3,6,5,3,2,0,706,403,0,1752,102,0,0,5203.42999999994,"evening"
"530",1677,4,1,6,1,3,2,0,704,32004,-0.1,1415,101,0,0,12559.6099999999,"evening"
"531",1678,4,3,6,5,4,1,0,699,420,0,1923,101,0,0,2613.98999999999,"evening"
"532",1680,2,1,2,1,2,3,1,688,346,-0.26,2245,99,0,0,2039.68000000001,"evening"
"533",1686,4,3,2,1,3,2,0,711,410,0,1035,102,0,0,1313.76,"morning"
"534",1689,4,3,5,5,6,1,0,710,310,0,1450,102,0,0,2711.78999999999,"evening"
"535",1692,3,3,5,5,6,1,0,710,443,0,2156,102,0,0,2017.18,"evening"
"536",1693,2,1,4,1,2,3,1,710,424,-0.5,1745,102,0,0,8354.54999999988,"evening"
"537",1694,3,3,2,3,4,1,0,711,375,-0.86,1205,102,0,0,8055.46999999995,"evening"
"538",1695,3,3,3,1,5,1,0,710,446,0,925,102,0,0,1174.56,"morning"
"539",1696,4,1,5,1,2,3,1,704,439,0,1409,101,0,0,2640.00999999999,"evening"
"540",1707,3,2,3,5,4,1,0,709,320,0,2052,102,0,0,6580.48999999993,"evening"
"541",1708,4,3,3,5,4,1,0,700,327,-0.49,1613,101,0,0,3571.59999999999,"evening"
"542",1709,2,1,4,5,2,3,1,707,338,0,1722,102,0,0,2141.64,"evening"
"543",1710,3,1,9,1,5,2,0,705,327,-0.29,1659,101,0,0,11984.5899999999,"evening"
"544",1720,4,3,5,5,6,1,0,704,327,0,1708,101,0,0,5755.68999999994,"evening"
"545",1722,4,3,2,5,3,2,0,708,334,-0.42,1859,102,0,0,11229.7099999999,"evening"
"546",1726,5,3,6,1,4,1,0,711,411,0,1350,102,0,0,8131.90999999993,"evening"
"547",1740,1,3,12,5,4,1,0,709,381,-1,2014,102,0,0,11938.1999999999,"evening"
"548",1745,4,1,1,5,5,2,0,705,292,0,1519,101,0,0,2591.47999999999,"evening"
"549",1748,4,3,4,5,5,1,0,709,436,0,2028,102,0,0,5161.77999999996,"evening"
"550",1749,5,2,4,1,5,1,0,704,32004,0,1814,101,0,0,4209.34999999998,"evening"
"551",1751,2,1,2,4,2,4,2,709,356,-0.19,2011,102,0,0,4142.86999999999,"evening"
"552",1753,4,3,4,1,6,1,0,711,345,0,1845,102,0,0,2964.04999999999,"evening"
"553",1759,3,3,4,5,2,5,3,706,368,0,2103,102,0,0,4009.61999999999,"evening"
"554",1762,4,1,8,1,2,5,3,711,34037,0,1616,102,0,0,15360.1399999999,"evening"
"555",1764,4,1,6,1,2,4,2,707,327,-0.52,1543,102,0,0,11412.1999999999,"evening"
"556",1765,4,3,4,5,5,1,0,690,320,-3,1758,99,0,0,2949.00999999999,"evening"
"557",1775,4,1,6,1,2,5,3,711,429,-2.04,1507,102,0,0,9485.13999999992,"evening"
"558",1778,2,1,4,1,3,2,0,710,34280,0,1738,102,0,0,9336.29999999996,"evening"
"559",1779,6,1,6,1,3,2,0,703,421,-0.81,1012,101,0,0,3508.57999999999,"morning"
"560",1785,2,1,4,1,2,5,3,710,339,0,1738,102,0,0,1555.7,"evening"
"561",1788,3,1,6,1,3,2,0,710,367,-0.87,1725,102,0,0,9072.27999999989,"evening"
"562",1791,4,2,7,1,3,2,0,709,367,-0.61,1323,102,0,0,2970.09999999999,"evening"
"563",1795,4,3,3,1,3,2,0,710,31782,0,2316,102,0,0,9751.72999999997,"evening"
"564",1796,1,3,4,5,4,1,0,704,438,0,1731,101,0,0,2601.06,"evening"
"565",1797,6,3,1,1,4,1,0,710,322,-0.59,1356,102,0,0,5551.48999999995,"evening"
"566",1800,3,1,10,1,3,2,0,709,429,-0.3,1050,102,0,0,3667.30999999999,"morning"
"567",1802,4,3,9,1,3,2,0,692,401,0,1736,100,0,0,4835.43999999996,"evening"
"568",1803,1,1,5,1,2,3,1,711,388,-0.71,1450,102,0,0,14420.8999999999,"evening"
"569",1804,6,1,4,1,3,2,0,711,34037,0,1703,102,0,0,10251.1899999999,"evening"
"570",1812,4,3,5,5,4,1,0,711,31582,-0.71,1835,102,0,0,1948.99,"evening"
"571",1814,6,3,9,1,3,2,0,705,406,0,1935,101,0,0,4107.84999999997,"evening"
"572",1815,4,3,3,5,3,2,0,708,323,-1.85,1820,102,0,0,4405.46999999998,"evening"
"573",1816,1,2,1,4,2,5,3,708,432,0,1342,102,0,0,3869.50999999998,"evening"
"574",1820,4,1,9,1,3,2,0,661,321,-0.79,1622,95,0,0,4208.07999999998,"evening"
"575",1822,5,3,4,5,3,2,0,711,364,0,1454,102,0,0,3516.43999999998,"evening"
"576",1823,4,1,6,1,3,2,0,711,402,0,1703,102,0,0,12268.85,"evening"
"577",1829,6,1,6,1,4,2,0,710,445,0,1133,102,0,0,6618.54999999992,"morning"
"578",1831,5,3,6,1,5,1,0,701,343,-0.49,2207,101,0,0,5562.05999999995,"evening"
"579",1833,2,3,3,1,1,5,3,711,298,-6.47,939,102,0,0,2991.80999999999,"morning"
"580",1834,4,3,8,1,6,5,3,659,327,-2.29,929,95,0,0,3769.49999999998,"morning"
"581",1841,4,2,4,1,3,2,0,701,293,-2.3,1346,101,0,0,2401.78,"evening"
"582",1844,4,1,12,1,3,2,0,708,34280,0,1240,102,0,0,1523.8,"evening"
"583",1845,4,3,10,5,2,3,1,711,406,-1.49,2227,102,0,0,12647.6099999999,"evening"
"584",1847,4,3,10,5,4,1,0,709,432,0,1113,102,0,0,2678.71,"morning"
"585",1848,4,1,6,1,6,3,1,706,406,-2.98,1502,102,0,0,10848.1099999998,"evening"
"586",1850,6,1,6,1,4,2,0,706,429,-0.01,1934,102,0,0,6882.10999999992,"evening"
"587",1858,2,2,9,1,4,1,0,703,391,0,1720,101,0,0,2860.06999999999,"evening"
"588",1861,2,3,2,1,2,4,2,711,297,0,2142,102,0,0,1868.45000000001,"evening"
"589",1864,4,3,8,1,1,5,3,710,316,0,1332,102,0,0,16941.5799999999,"evening"
"590",1865,4,3,5,1,6,1,0,707,411,-0.5,1703,102,0,0,6651.92999999992,"evening"
"591",1869,1,1,4,4,3,2,0,711,445,0,2114,102,0,0,3630.61999999998,"evening"
"592",1873,3,3,2,5,5,1,0,707,320,-0.4,2015,102,0,0,5686.81999999999,"evening"
"593",1879,6,1,4,5,5,2,0,708,315,0,1101,102,0,0,4861.94999999995,"morning"
"594",1892,3,1,4,1,2,3,1,711,380,-1.84,1317,102,0,0,5532.20999999999,"evening"
"595",1894,3,1,7,1,3,2,0,658,389,0,1939,95,0,0,2335.47,"evening"
"596",1896,4,1,5,1,3,2,0,710,411,-1.99,1827,102,0,0,3378.33999999999,"evening"
"597",1899,2,1,3,1,2,3,1,705,31782,-0.08,957,101,0,0,11276.7999999999,"morning"
"598",1901,4,3,4,1,2,3,1,711,319,0,1729,102,0,0,11462.2399999999,"evening"
"599",1907,2,2,5,5,5,1,0,711,31762,-3.6,1522,102,0,0,8939.49999999992,"evening"
"600",1911,3,1,5,5,5,2,0,704,31401,-1.1,2145,101,0,0,1601.27,"evening"
"601",1914,5,2,6,1,4,1,0,711,448,0,1145,102,0,0,4075.94999999996,"morning"
"602",1917,6,3,2,5,4,1,0,711,32004,-2,1549,102,0,0,6787.99999999991,"evening"
"603",1919,3,1,4,1,1,5,3,710,384,0,1925,102,0,0,4154.94999999999,"evening"
"604",1920,5,1,5,1,3,2,0,711,299,0,1744,102,0,0,1927.74,"evening"
"605",1921,3,1,4,1,3,2,0,647,358,-1.26,1046,93,0,0,1460.12,"morning"
"606",1923,1,2,4,4,4,1,0,706,448,0,1932,102,0,0,4870.30999999997,"evening"
"607",1926,2,3,4,1,3,2,0,701,372,-1.14,1402,101,0,0,2145.71,"evening"
"608",1927,1,3,1,5,6,1,0,691,381,-2.47,1319,99,0,0,5097.27999999997,"evening"
"609",1928,3,2,6,1,2,3,1,709,447,0,1528,102,0,0,2328.37,"evening"
"610",1929,3,2,3,1,5,1,0,705,441,0,1833,101,0,0,4395.82999999998,"evening"
"611",1931,4,3,5,1,6,1,0,683,313,-0.61,1555,98,0,0,2211.08,"evening"
"612",1935,5,1,9,1,3,2,0,711,367,0,1337,102,0,0,12371.26,"evening"
"613",1937,4,1,5,1,3,2,0,704,367,0,1813,101,0,0,6742.43999999992,"evening"
"614",1939,3,1,5,1,3,2,0,706,408,0,1719,102,0,0,3784.61999999998,"evening"
"615",1944,2,3,8,1,2,4,2,705,34280,0,1033,101,0,0,10942.8799999999,"morning"
"616",1946,2,3,6,5,5,1,0,699,400,0,1616,101,0,0,3312.45999999999,"evening"
"617",1948,3,3,5,1,4,1,0,711,427,-0.09,1211,102,0,0,1602.32,"evening"
"618",1949,4,3,1,5,4,1,0,706,340,0,1230,102,0,0,1658.96,"evening"
"619",1953,4,3,5,1,6,1,0,706,372,0,1246,102,0,0,2722.81,"evening"
"620",1955,2,3,4,5,5,1,0,704,408,-0.25,1416,101,0,0,7634.49999999992,"evening"
"621",1962,6,3,3,5,3,2,0,710,31782,0,1136,102,0,0,3512.54999999998,"morning"
"622",1964,6,3,1,4,5,1,0,708,424,0,1120,102,0,0,1990.12,"morning"
"623",1965,2,1,5,1,2,3,1,708,323,0,2123,102,0,0,4142.68999999998,"evening"
"624",1975,3,2,6,4,5,1,0,710,369,-1.95,718,102,0,0,17548.2700000001,"morning"
"625",1976,2,1,5,1,2,5,3,710,441,0,2302,102,0,0,3546.80999999998,"evening"
"626",1979,4,3,9,5,2,3,1,708,31862,0,1212,102,0,0,1146.67,"evening"
"627",1980,5,1,5,1,4,2,0,662,438,-0.31,1909,95,0,0,4443.14999999998,"evening"
"628",1982,2,3,7,5,5,1,0,711,367,0,1104,102,0,0,4213.84999999999,"morning"
"629",1985,2,3,5,5,6,5,3,711,359,-0.49,1108,102,0,0,8605.35999999992,"morning"
"630",1989,6,3,2,1,4,1,0,707,343,-0.98,937,102,0,0,3052.86999999999,"morning"
"631",1990,3,1,8,1,2,5,3,702,321,-1.59,1652,101,0,0,4593.25999999998,"evening"
"632",1995,2,2,3,5,1,3,2,711,297,-0.69,1258,102,0,0,15332.4299999998,"evening"
"633",1997,2,3,5,5,5,1,0,711,367,0,2024,102,0,0,4295.67999999996,"evening"
"634",2002,3,3,4,1,4,1,0,687,346,-2.54,1653,99,0,0,2465.12,"evening"
"635",2004,4,3,5,5,6,1,0,711,31782,0,1921,102,0,0,10053.8699999999,"evening"
"636",2006,4,3,1,5,5,1,0,711,31582,-0.92,1736,102,0,0,4873.23999999997,"evening"
"637",2007,4,1,5,1,2,3,1,710,424,0,2125,102,0,0,8887.7499999999,"evening"
"638",2011,4,3,6,1,5,1,0,710,400,-0.02,2325,102,0,0,1367.34,"evening"
"639",2012,4,1,3,4,5,2,0,705,329,-2.5,746,101,0,0,8535.05999999997,"morning"
"640",2013,1,3,3,5,4,1,0,616,381,0,1537,89,0,0,1182.47,"evening"
"641",2017,4,1,6,1,3,2,0,711,321,-1.49,833,102,0,0,7106.61999999997,"morning"
"642",2018,4,3,5,5,6,1,0,708,402,0,2041,102,0,0,4038.14999999997,"evening"
"643",2020,3,1,7,5,2,5,3,705,396,0,1502,101,0,0,8458.20999999989,"evening"
"644",2023,4,3,4,1,2,3,1,710,404,-14.46,2115,102,0,0,1805.63,"evening"
"645",2024,2,2,8,1,3,2,0,709,411,0,1756,102,0,0,4956.98999999995,"evening"
"646",2030,3,2,6,1,4,1,0,710,404,0,1616,102,0,0,2628.09999999999,"evening"
"647",2040,2,3,3,1,5,1,0,699,408,0,950,101,0,0,2968.50999999999,"morning"
"648",2041,3,2,4,4,3,2,0,710,34280,-1.41,1154,102,0,0,6406.98999999994,"morning"
"649",2050,3,1,3,1,2,5,3,708,432,-1.56,1231,102,0,0,5193.21999999997,"evening"
"650",2053,4,1,2,1,3,2,0,700,321,-1,1025,101,0,0,3351.33999999999,"morning"
"651",2057,3,1,4,1,3,2,0,711,338,0,1920,102,0,0,3150.44999999999,"evening"
"652",2058,2,2,8,1,3,2,0,711,367,0,1919,102,0,0,5970.56999999993,"evening"
"653",2062,2,3,3,5,3,2,0,706,372,0,1225,102,0,0,5357.61999999995,"evening"
"654",2063,5,1,6,1,3,2,0,706,333,-0.25,1112,102,0,0,2591.42999999999,"morning"
"655",2064,1,3,5,5,4,1,0,711,304,0,1838,102,0,0,5424.84999999993,"evening"
"656",2068,5,1,5,1,4,2,0,696,324,-0.8,1551,100,0,0,2561.4,"evening"
"657",2069,3,3,2,5,4,1,0,694,313,0,1601,100,0,0,2068.17,"evening"
"658",2070,4,3,5,5,6,1,0,710,311,-0.51,2023,102,0,0,9210.41999999997,"evening"
"659",2076,2,1,7,1,2,3,1,705,429,-0.49,1100,101,0,0,8297.93999999992,"morning"
"660",2082,4,1,1,1,2,3,1,711,34280,-0.19,1242,102,0,0,5082.40999999997,"evening"
"661",2084,5,1,8,1,3,2,0,705,368,-0.49,1251,101,0,0,2937.95,"evening"
"662",2085,3,1,4,1,3,2,0,711,335,0,2047,102,0,0,12894.5699999999,"evening"
"663",2086,4,1,3,1,3,2,0,710,436,0,2155,102,0,0,6269.53999999993,"evening"
"664",2087,4,2,7,1,6,1,0,704,345,-1.32,1838,101,0,0,7832.73999999992,"evening"
"665",2088,2,3,4,5,4,1,0,711,304,-0.7,1521,102,0,0,4905.70999999998,"evening"
"666",2092,3,1,1,1,1,3,1,559,310,-1,2125,81,0,0,2290.54,"evening"
"667",2094,4,1,5,1,3,2,0,708,333,0,1947,102,0,0,3055.51999999999,"evening"
"668",2097,3,1,2,1,2,5,3,645,403,0,1917,93,0,0,8823.82999999994,"evening"
"669",2100,6,1,4,1,3,2,0,709,311,0,1947,102,0,0,3185.30999999999,"evening"
"670",2102,5,1,10,1,3,2,0,711,34011,0,1752,102,0,0,3619.75999999998,"evening"
"671",2107,3,1,6,1,2,5,3,697,317,0,1553,100,0,0,3409.05999999999,"evening"
"672",2110,3,1,8,1,3,2,0,704,375,0,1815,101,0,0,12470.0299999998,"evening"
"673",2111,4,3,6,1,3,2,0,687,439,0,1229,99,0,0,2590.37,"evening"
"674",2112,4,1,4,1,2,5,3,711,321,0,1034,102,0,0,5116.14999999997,"morning"
"675",2115,3,1,9,1,2,5,3,711,406,-0.01,1934,102,0,0,14774.8599999999,"evening"
"676",2116,3,1,6,1,2,5,3,708,320,0,1226,102,0,0,12228.0899999999,"evening"
"677",2119,2,3,5,1,5,1,0,704,341,-1.87,1337,101,0,0,2295.16,"evening"
"678",2121,5,2,4,1,3,2,0,710,343,-0.01,1348,102,0,0,5582.78999999995,"evening"
"679",2123,4,3,6,1,3,2,0,710,408,0,1536,102,0,0,4332.44999999997,"evening"
"680",2124,2,1,5,1,2,4,2,711,318,-0.01,2042,102,0,0,7859.40999999996,"evening"
"681",2129,2,3,4,5,1,2,1,707,355,0,1320,102,0,0,7164.98999999995,"evening"
"682",2130,2,2,5,1,4,1,0,705,429,0,948,101,0,0,6060.38999999994,"morning"
"683",2133,5,1,7,5,3,2,0,709,362,0,2033,102,0,0,6759.91999999992,"evening"
"684",2134,3,3,4,5,4,1,0,711,320,-2,746,102,0,0,9129.82999999988,"morning"
"685",2140,6,1,2,1,3,2,0,652,432,0,1711,94,0,0,1567.89,"evening"
"686",2147,2,1,6,1,2,3,1,710,33923,-1.56,1251,102,0,0,5706.00999999995,"evening"
"687",2148,5,1,4,1,2,4,2,711,311,0,1524,102,0,0,3263.91999999999,"evening"
"688",2154,4,1,4,1,3,2,0,709,438,-0.8,2147,102,0,0,2523.33999999999,"evening"
"689",2156,4,1,5,1,3,2,0,703,327,-3.02,1317,101,0,0,5874.45999999996,"evening"
"690",2158,2,2,5,3,4,1,0,709,334,0,2108,102,0,0,3194.17,"evening"
"691",2162,4,3,6,1,6,1,0,710,432,-3.1,2126,102,0,0,13923.4499999999,"evening"
"692",2168,3,3,5,5,4,1,0,711,306,0,1756,102,0,0,5666.65999999994,"evening"
"693",2172,2,1,7,1,3,2,0,705,439,0,1756,101,0,0,2408.11,"evening"
"694",2173,2,3,4,5,3,2,0,710,382,0,1215,102,0,0,2177.52,"evening"
"695",2179,4,1,4,1,2,3,1,711,365,0,2155,102,0,0,1452.29,"evening"
"696",2181,5,1,7,1,2,3,1,702,401,0,1550,101,0,0,3074.44999999999,"evening"
"697",2182,4,1,6,1,3,2,0,699,3262,0,1606,101,0,0,1530.52,"evening"
"698",2183,6,1,3,1,3,2,0,706,370,0,1250,102,0,0,4093.11999999998,"evening"
"699",2184,2,3,5,5,4,1,0,707,299,0,1731,102,0,0,5094.79999999996,"evening"
"700",2185,2,3,8,1,2,4,2,710,327,0,1022,102,0,0,8550.7299999999,"morning"
"701",2186,3,3,3,5,4,1,0,702,362,-0.62,1201,101,0,0,5469.52999999994,"afternoon"
"702",2188,6,2,4,1,3,2,0,709,391,-0.6,1635,102,0,0,3917.33999999999,"evening"
"703",2190,3,1,5,1,2,4,2,711,323,-1.63,1909,102,0,0,9520.84999999993,"evening"
"704",2193,2,1,5,1,3,2,0,703,292,0,1143,101,0,0,9155.00999999986,"morning"
"705",2194,5,2,3,1,5,1,0,711,381,0,1939,102,0,0,7169.77999999992,"evening"
"706",2198,3,2,3,5,4,1,0,711,391,0,945,102,0,0,7205.87999999992,"morning"
"707",2199,1,3,5,5,2,3,1,706,403,-0.85,1643,102,0,0,5639.16999999996,"evening"
"708",2200,4,3,1,5,5,1,0,706,334,-0.4,1937,102,0,0,8673.10999999994,"evening"
"709",2203,4,1,5,1,3,2,0,711,367,-0.7,1052,102,0,0,5239.08999999996,"morning"
"710",2208,3,3,5,5,1,3,2,698,441,-0.29,1651,100,0,0,9456.82999999989,"evening"
"711",2209,2,1,4,4,2,5,3,709,369,-0.9,726,102,0,0,6996.67999999993,"morning"
"712",2217,3,2,2,5,4,1,0,708,330,0,1950,102,0,0,4430.00999999997,"evening"
"713",2221,6,2,4,1,5,1,0,709,288,0,1424,102,0,0,2301.4,"evening"
"714",2224,1,2,12,1,5,1,0,711,315,-0.5,1646,102,0,0,3984.09999999997,"evening"
"715",2231,3,1,11,1,3,2,0,709,367,-1.23,1816,102,0,0,4400.25999999997,"evening"
"716",2233,2,2,9,1,5,1,0,709,369,0,1826,102,0,0,8440.76999999989,"evening"
"717",2234,6,1,1,1,3,2,0,710,316,0,1513,102,0,0,7971.56999999991,"evening"
"718",2235,4,3,10,1,2,3,1,705,34011,0,819,101,0,0,3824.86999999999,"morning"
"719",2237,4,3,5,1,4,1,0,705,429,0,1256,101,0,0,4941.51999999996,"evening"
"720",2243,4,1,5,1,3,2,0,707,320,0,1558,102,0,0,4019.70999999999,"evening"
"721",2250,3,3,6,5,6,1,0,709,338,0,1515,102,0,0,2333.16,"evening"
"722",2252,4,1,5,1,2,4,2,711,323,0,2209,102,0,0,9489.81999999994,"evening"
"723",2254,1,3,4,5,5,1,0,569,321,-0.49,1919,82,0,0,1270.35,"evening"
"724",2260,4,3,3,1,4,1,0,707,372,0,1901,102,0,0,7456.63999999992,"evening"
"725",2264,4,1,12,1,3,2,0,710,442,0,1356,102,0,0,16960.5899999999,"evening"
"726",2266,2,2,4,1,5,1,0,704,384,-1,1944,101,0,0,8754.1199999999,"evening"
"727",2269,5,1,4,1,3,2,0,707,356,0,1701,102,0,0,3273.94999999999,"evening"
"728",2272,6,1,3,1,3,2,0,699,346,0,1659,101,0,0,2244.17,"evening"
"729",2279,2,3,5,5,3,2,0,705,293,-1,1704,101,0,0,972.47,"evening"
"730",2280,3,3,2,1,2,3,1,708,438,-2,1307,102,-0.5,-0.5,12332.9099999999,"evening"
"731",2282,5,2,10,1,4,1,0,709,333,0,1726,102,0,0,1103.88,"evening"
"732",2284,4,1,12,1,3,2,0,710,317,-3.6,2103,102,0,0,17152.63,"evening"
"733",2292,4,1,4,4,2,5,3,710,429,0,1844,102,0,0,1336.14,"evening"
"734",2294,4,2,3,4,2,4,2,682,433,0,1431,98,0,0,8381.6599999999,"evening"
"735",2295,3,2,4,4,5,1,0,691,403,0,146,99,0,0,8003.98999999993,"morning"
"736",2296,3,3,8,1,3,2,0,711,368,0,1357,102,0,0,13404.8299999999,"evening"
"737",2298,6,1,5,3,4,2,0,711,421,-0.7,1915,102,0,0,2709.53,"evening"
"738",2300,4,3,5,1,3,2,0,706,411,0,1807,102,0,0,4615.34999999997,"evening"
"739",2302,3,1,4,1,1,3,1,683,410,0,905,98,0,0,1960.24,"morning"
"740",2305,4,2,5,1,4,1,0,704,450,0,2053,101,0,0,6320.63999999995,"evening"
"741",2307,4,1,6,1,2,3,1,709,346,0,1704,102,0,0,6009.23999999997,"evening"
"742",2312,4,1,12,1,3,2,0,709,442,0,1205,102,0,0,14682.8099999998,"evening"
"743",2314,4,1,8,1,3,2,0,695,450,0,1944,100,0,0,5078.04999999996,"evening"
"744",2317,3,1,5,1,2,5,3,705,372,0,2153,101,0,0,13967.3699999999,"evening"
"745",2318,1,3,1,5,4,1,0,622,297,0,1240,90,0,0,10685.7199999999,"evening"
"746",2322,4,3,10,1,5,1,0,711,31862,0,1714,102,0,0,23646.9200000007,"evening"
"747",2324,3,1,5,1,3,2,0,703,427,0,735,101,0,0,2671.77,"morning"
"748",2328,4,3,12,1,3,2,0,709,406,0,1448,102,0,0,14193.6099999999,"evening"
"749",2330,4,3,5,1,6,1,0,709,327,-2.22,1238,102,0,0,5683.35999999995,"evening"
"750",2331,3,1,4,1,2,5,3,697,341,-1.5,1727,100,0,0,5903.54999999998,"evening"
"751",2334,3,3,5,1,6,1,0,711,298,0,1929,102,0,0,11955.3799999999,"evening"
"752",2337,6,3,1,1,1,3,2,709,415,0,1229,102,0,0,11703.9699999999,"evening"
"753",2341,4,3,5,1,6,1,0,697,424,-0.65,1732,100,0,0,5698.37999999996,"evening"
"754",2342,5,3,7,1,6,1,0,711,363,0,1245,102,-0.33,0,5934.35999999997,"evening"
"755",2343,1,3,5,5,5,1,0,709,448,0,2159,102,0,0,4627.47999999997,"evening"
"756",2347,4,3,4,5,3,2,0,711,438,-0.62,2122,102,0,0,3232.54999999999,"evening"
"757",2351,4,1,6,1,3,2,0,708,406,-0.5,1751,102,0,0,16616.7799999999,"evening"
"758",2359,4,1,3,1,3,2,0,697,300,-0.08,1717,100,0,0,2806.26999999999,"evening"
"759",2360,2,2,5,1,6,1,0,708,323,-1.19,1757,102,0,0,9394.57999999994,"evening"
"760",2361,2,3,4,5,3,2,0,697,333,0,1227,100,0,0,4528.70999999996,"evening"
"761",2364,4,1,3,4,3,2,0,706,673,-0.7,1753,102,0,0,7414.09999999991,"evening"
"762",2367,4,3,1,5,3,2,0,708,422,0,824,102,0,0,4495.52999999998,"morning"
"763",2370,2,1,1,1,3,2,0,709,406,-0.24,1304,102,0,0,5307.51999999998,"evening"
"764",2374,4,3,9,1,3,2,0,683,450,0,1548,98,0,0,6249.34999999993,"evening"
"765",2376,4,3,4,5,4,1,0,708,341,0,1532,102,0,0,3925.48999999998,"evening"
"766",2378,2,1,5,5,2,5,3,710,401,0,2120,102,0,0,8311.07999999992,"evening"
"767",2380,4,3,5,1,6,1,0,708,31401,-2,1633,102,-0.25,-0.25,5018.77999999998,"evening"
"768",2390,2,1,5,5,4,2,0,624,298,-0.79,1840,90,0,0,1046.59,"evening"
"769",2393,3,3,6,1,5,1,0,708,447,0,1718,102,0,0,4048.28999999997,"evening"
"770",2397,6,2,8,5,3,2,0,704,375,-1.69,1231,101,0,0,1095.1,"evening"
"771",2400,3,1,3,1,2,3,1,711,289,0,843,102,0,0,14681.3199999999,"morning"
"772",2405,2,3,2,5,4,1,0,706,318,-0.01,1922,102,0,0,3425.69999999999,"evening"
"773",2406,2,1,8,1,2,3,1,695,402,0,1228,100,0,0,4860.80999999996,"evening"
"774",2407,4,1,7,1,3,2,0,709,309,-0.79,1940,102,0,0,6665.21999999999,"evening"
"775",2411,6,1,1,1,3,2,0,703,363,0,1922,101,0,0,2019.25,"evening"
"776",2420,4,3,2,5,2,3,1,666,319,-0.89,1131,96,0,0,4583.45999999998,"morning"
"777",2421,4,1,9,1,2,5,3,705,400,0,1545,101,0,0,8749.75999999992,"evening"
"778",2426,1,3,1,3,4,1,0,703,422,-2.2,1903,101,0,0,2437.06,"evening"
"779",2427,3,1,5,1,2,3,1,710,363,0,1959,102,0,0,8725.93999999993,"evening"
"780",2432,1,3,4,5,4,1,0,709,352,-2.41,1956,102,0,0,4948.10999999996,"evening"
"781",2435,4,3,5,1,1,5,3,703,34007,0,2042,101,0,0,3303.85,"evening"
"782",2437,3,1,8,1,2,5,3,699,32004,0,1700,101,0,0,4841.93999999996,"evening"
"783",2445,4,3,4,5,6,1,0,710,315,-2,651,102,0,0,6546.04999999995,"morning"
"784",2446,3,3,8,1,3,2,0,707,310,0,1652,102,0,0,6455.77999999996,"evening"
"785",2447,3,1,3,1,3,2,0,707,359,-1.3,1206,102,0,0,7520.93999999992,"evening"
"786",2448,4,1,5,1,3,2,0,705,362,-0.51,1831,101,0,0,9300.72999999988,"evening"
"787",2449,3,1,10,1,2,5,3,711,315,0,1345,102,0,0,10866.8699999999,"evening"
"788",2453,4,2,5,1,4,1,0,705,343,0,1611,101,0,0,4551.67999999996,"evening"
"789",2455,4,2,3,1,3,2,0,710,31862,0,1206,102,0,0,5339.02999999996,"evening"
"790",2465,6,1,2,1,4,2,0,686,297,-0.6,1142,99,0,0,2089.29,"morning"
"791",2467,3,1,6,1,2,3,1,709,436,-1.34,1834,102,0,0,12850.5599999999,"evening"
"792",2479,2,3,9,1,3,2,0,706,406,-1.49,1812,102,0,0,14279.7,"evening"
"793",2483,4,2,6,1,5,1,0,708,401,-2.2,1524,102,0,0,1770.91,"evening"
"794",2486,3,2,3,5,5,1,0,711,321,-0.29,1434,102,0,0,3265.52,"evening"
"795",2488,4,2,4,1,4,1,0,704,324,-1,1540,101,0,0,6327.50999999992,"evening"
"796",2489,3,1,5,1,3,2,0,702,362,0,1604,101,0,0,9403.4199999999,"evening"
"797",2494,3,3,5,1,3,2,0,702,34280,-0.89,1249,101,0,0,2120.93,"evening"
"798",2496,4,1,6,1,6,3,1,683,370,-0.01,1517,98,0,0,4339.65999999998,"evening"
"799",2497,4,3,4,5,5,1,0,700,31742,-2,1304,101,0,0,7111.97999999994,"evening"
"800",2498,2,3,5,1,3,2,0,710,309,-2,2320,102,0,0,2601.59999999999,"evening"
"801",2499,2,3,1,5,2,3,1,709,31782,-0.19,2022,102,0,0,3394.06999999999,"evening"
